<?xml version="1.0" encoding="UTF-8" ?>
<!DOCTYPE mapper
  PUBLIC "-//mybatis.org//DTD Mapper 3.0//EN"
  "http://mybatis.org/dtd/mybatis-3-mapper.dtd">

<mapper namespace="dao.Lessee">
	<insert id="insertalesseeuser" useGeneratedKeys="true"
		keyProperty="id">
		insert into
		user(account,name,pre_login_time,signup_time,token,type)
		values(#{account},#{name},#{registTime},#{lastlogin},#{token},#{type})
	</insert>
	<insert id="insertalessee" useGeneratedKeys="true" keyProperty="id">
		insert into
		lessee(id,password,position_x,position_y,score,order_count,realname,ci)
		values(#{id},#{password},#{positionX},#{positionY},#{score},#{order_count},#{realName},#{ci})
	</insert>
	<select id="selectalesseebyid" resultType="dao.Lessee">
		select
		user.id,account,name,pre_login_time as lastlogin,signup_time as
		registTime,token,type,password,order_count,position_x as positionX,position_y as
		positionY,score,realname as realName,ci
		from user left join lessee on
		user.id=lessee.id where user.id=#{id}
	</select>
	<select id="selectalesseebyaccountandtype" resultType="dao.Lessee">
		select
		user.id,account,name,pre_login_time as lastlogin,signup_time as
		registTime,token,type,order_count,password,position_x as positionX,position_y as
		positionY,score,realname as realName,ci
		from user left join lessee on
		user.id=lessee.id where account=#{account} and type=#{type}
	</select>
	<select id="selectlesseebyaccount" resultType="dao.Lessee">
		select
		user.id,account,name,pre_login_time as lastlogin,signup_time as
		registTime,token,type,order_count,password,position_x as positionX,position_y as
		positionY,score,realname as realName,ci
		from user left join lessee on
		user.id=lessee.id where account=#{account} and type>1
	</select>
	<update id="updatelesseepositionbyid">
		update lessee set
		position_x=#{positionX},position_y=#{positionY} where id=#{id}
	</update>
	<update id="updatelesseelogintimebyid">
		update user set pre_login_time=#{lastlogin} where
		id=#{id}
	</update>
	<select id="selectlesseebyaccountandpasswd" resultType="dao.Lessee">
		select
		user.id,account,name,pre_login_time as lastlogin,signup_time as
		registTime,token,type,order_count,password,position_x as positionX,position_y as
		positionY,score,realname as realName,ci
		from user left join lessee on
		user.id=lessee.id where account=#{account} and type>1
	</select>
	<update id="updatelesseeinfo1">
		update user set name=#{name} where id=#{id}
	</update>
	<update id="updatelesseeinfo2">
		update lessee set realname=#{realName},ci=#{ci} where
		id=#{id}
	</update>
	<update id="updatelesseeordercount">
		update lessee set order_count=order_count+1 where id=#{id}
	</update>
</mapper>