<?xml version="1.0" encoding="UTF-8" ?>
<!DOCTYPE mapper
  PUBLIC "-//mybatis.org//DTD Mapper 3.0//EN"
  "http://mybatis.org/dtd/mybatis-3-mapper.dtd">

<mapper namespace="dao.Line">
	<insert id="insertaLine" useGeneratedKeys="true" keyProperty="id">
		insert into
		line(id,startplace,endplace,center,createtime,remark,lessee,rental)
		values(#{id},#{startplace},#{endplace},#{center},#{createtime},#{remark},#{lessee},#{rental})
	</insert>
	<delete id="deleteaLineById">
		delete from line where id=#{id}
	</delete>
	<select id="getaLineById" resultType="dao.Line">
		select
		id,startplace,endplace,center,createtime,remark,lessee,rental from
		line where
		id=#{id}
	</select>
	<select id="getAllLineByUserId" resultType="dao.Line">
		select
		id,startplace,endplace,center,createtime,remark,lessee,rental from
		line where rental=#{rental}
	</select>
	<update id="updateaLineById">
		update line set
		lessee=#{lessee},startplace=#{startplace},endplace=#{endplace},center=#{center},createtime=#{createtime},remark=#{remark}
		where rental=#{rental}
	</update>
</mapper>