<?xml version="1.0" encoding="UTF-8" ?>
<!DOCTYPE mapper
  PUBLIC "-//mybatis.org//DTD Mapper 3.0//EN"
  "http://mybatis.org/dtd/mybatis-3-mapper.dtd">
<mapper namespace="dao.Order">
	<select id="selectOneOrder" resultType="dao.Order">
		select
		id,rental,lessee,starttime,endtime,startplace,startplacex,startplacey,endplace,fee,score,accepttime,finishtime,remark,trucktype,status
		from orders where
		id=#{id}
	</select>
	<select id="selectOneOrderBytimeandrental" resultType="dao.Order">
		select
		id,rental,lessee,starttime,endtime,startplace,startplacex,startplacey,endplace,fee,score,accepttime,finishtime,remark,trucktype,status
		from orders where
		rental=#{rental} and starttime=#{remark} order by id desc limit 1
	</select>
	<select id="selectOneRentalAllOrders" resultType="dao.Order">
		select
		id,rental,lessee,starttime,endtime,startplace,startplacex,startplacey,endplace,fee,score,accepttime,finishtime,remark,trucktype,status
		from orders
		where rental=#{rental}
	</select>
	<select id="selectOneLesseeAllOrders" resultType="dao.Order">
		select
		id,rental,lessee,starttime,endtime,startplace,startplacex,startplacey,endplace,fee,score,accepttime,finishtime,remark,trucktype,status
		from orders
		where lessee=#{lessee}
	</select>
	<insert id="insertOneOrder" useGeneratedKeys="true" keyProperty="id">
		insert into
		orders(rental,starttime,startplace,startplacex,startplacey,endplace,fee,trucktype,status)
		values(#{rental},#{starttime},#{startplace},#{startplacex},#{startplacey},#{endplace},#{fee},#{trucktype},#{status})
	</insert>
	<select id="selectnearall" resultType="dao.Order">
		select
		id,rental,lessee,starttime,endtime,startplace,startplacex,startplacey,endplace,fee,score,accepttime,finishtime,remark,trucktype,status
		from orders
		where (6378.137*ACOS(COS(startplacex*PI()/180)*COS(startplacey*PI()/180)*COS(#{startplacex}*PI()/180)*COS(#{startplacey}*PI()/180)+COS(startplacex*PI()/180)*SIN(startplacey*PI()/180)*COS(#{startplacex}*PI()/180)*SIN(#{startplacey}*PI()/180)+SIN(#{startplacex}*PI()/180)*SIN(startplacex*PI()/180)) &lt; fee)
	</select>
	<update id="acceptOneOrder">
		update orders set
		lessee=#{lessee},accepttime=#{accepttime},status=#{status}
		where id=#{id}
	</update>
	<update id="confirmOneOrder">
		update orders set
		endtime=#{endtime},score=#{score},finishtime=#{finishtime},remark=#{remark},status=#{status}
		where id=#{id} and rental=#{rental}
	</update>

	<update id="updateOneOrder">
		update orders set
		rental=#{rental},lessee=#{lessee},starttime=#{starttime},endtime=#{endtime},startplace=#{startplace},endplace=#{endplace},fee=#{fee},score=#{score},accepttime=#{accepttime},finishtime=#{finishtime},remark=#{remark},status=#{status}
		where id=#{id}
	</update>
	<delete id="deleteOneOrder"></delete>
</mapper>