<?xml version="1.0" encoding="UTF-8" ?>
<!DOCTYPE mapper
  PUBLIC "-//mybatis.org//DTD Mapper 3.0//EN"
  "http://mybatis.org/dtd/mybatis-3-mapper.dtd">
<mapper namespace="dao.Rental">
	<select id="getarentalbyaccount" resultType="RENTAL">
		select
		id,account,name,signup_time registTime,pre_login_time
		lastlogin,token,type from user where account=#{account}
	</select>

	<update id="updatearentlastlogin" flushCache="true">
		update user set
		pre_login_time=now(),token=#{token} where id=#{id}
	</update>
	
	<update id="updaterentposition">
		update rental set position_x=#{positionX},position_y=#{positionY} where id=#{id}
	</update>

	<insert id="insertarent" useGeneratedKeys="true" keyProperty="id">
		insert into user(account,name,signup_time,pre_login_time,token,type)
		values(#{account},#{name},#{registTime},#{lastlogin},#{token},#{type})
	</insert>

	<insert id="insertarentposition">
		insert into rental(id,position_x,position_y,score)
		values(#{id},#{positionX},#{positionY},0)
	</insert>
</mapper>