<?xml version="1.0" encoding="UTF-8"?>
<beans xmlns="http://www.springframework.org/schema/beans"
	xmlns:xsi="http://www.w3.org/2001/XMLSchema-instance" xmlns:p="http://www.springframework.org/schema/p"
	xmlns:context="http://www.springframework.org/schema/context"
	xmlns:mvc="http://www.springframework.org/schema/mvc"
	xsi:schemaLocation="http://www.springframework.org/schema/beans  
                        http://www.springframework.org/schema/beans/spring-beans.xsd  
                        http://www.springframework.org/schema/context  
                        http://www.springframework.org/schema/context/spring-context.xsd  
                        http://www.springframework.org/schema/mvc  
                        http://www.springframework.org/schema/mvc/spring-mvc.xsd">
	<context:annotation-config />

	<!-- 加载数据库连接的资源文件 -->
	<context:property-placeholder location="classpath:jdbc.properties" />

	<!-- 配置数据源 dbcp数据库连接池 -->
	<bean id="dataSource" class="org.apache.commons.dbcp2.BasicDataSource"
		destroy-method="close">
		<property name="driverClassName" value="${jdbc.driver}" />
		<property name="url" value="${jdbc.url}" />
		<property name="username" value="${jdbc.username}" />
		<property name="password" value="${jdbc.password}" />
	</bean>

	<!-- 配置sqlSessionFactory -->
	<bean id="sqlSessionFactory" class="org.mybatis.spring.SqlSessionFactoryBean">
		<!-- 数据库连接池 -->
		<property name="dataSource" ref="dataSource" />
		<!-- 加载Mybatis全局配置文件 -->
		<property name="configLocation" value="classpath:mybatis.xml" />
	</bean>

	<bean id="jedisPoolConfig" class="redis.clients.jedis.JedisPoolConfig">
		<property name="maxTotal" value="50000" />
		<property name="maxIdle" value="50000" />
		<property name="minIdle" value="100" />
		<property name="maxWaitMillis" value="15000" />
		<property name="testOnBorrow" value="true" />
	</bean>

	<bean id="exceptionHandler" class="utils.springexception" />

	<bean id="jedis" class="redis.clients.jedis.ShardedJedisPool"
		scope="singleton">
		<constructor-arg index="0" ref="jedisPoolConfig" />
		<constructor-arg index="1">
			<list>
				<bean class="redis.clients.jedis.JedisShardInfo">
					<constructor-arg name="host" value="www.oeli.pub" />
					<constructor-arg name="port" value="6379" />
					<constructor-arg name="timeout" value="3000" />
					<property name="password" value="46ev566ece54cdde4545e@24yhc"></property>
				</bean>
			</list>
		</constructor-arg>
	</bean>

	<bean id="multipartResolver"
		class="org.springframework.web.multipart.commons.CommonsMultipartResolver"
		p:defaultEncoding="UTF-8" p:maxUploadSize="5120000" p:uploadTempDir="/upload"
		p:maxInMemorySize="1024000">
	</bean>

	<import resource="spring/spring-dao.xml" />
	<import resource="spring/spring-service.xml" />
</beans>