<?xml version="1.0" encoding="UTF-8" ?>
<!DOCTYPE configuration
  PUBLIC "-//mybatis.org//DTD Config 3.0//EN"
  "http://mybatis.org/dtd/mybatis-3-config.dtd">
<configuration>
	<settings>
		<setting name="cacheEnabled" value="true" />
		<setting name="lazyLoadingEnabled" value="true" />
		<setting name="multipleResultSetsEnabled" value="true" />
		<setting name="useColumnLabel" value="true" />
		<setting name="useGeneratedKeys" value="false" />
		<setting name="autoMappingBehavior" value="PARTIAL" />
		<setting name="autoMappingUnknownColumnBehavior" value="WARNING" />
		<setting name="defaultExecutorType" value="SIMPLE" />
		<setting name="defaultStatementTimeout" value="25" />
		<setting name="defaultFetchSize" value="100" />
		<setting name="safeRowBoundsEnabled" value="false" />
		<setting name="mapUnderscoreToCamelCase" value="false" />
		<setting name="localCacheScope" value="SESSION" />
		<setting name="jdbcTypeForNull" value="OTHER" />
		<setting name="lazyLoadTriggerMethods" value="equals,clone,hashCode,toString" />
	</settings>
	<typeAliases>
		<typeAlias alias="RENTAL" type="dao.Rental" />
		<typeAlias alias="LESSEE" type="dao.Lessee" />
		<typeAlias alias="LINE" type="dao.Line" />
		<typeAlias alias="ORDER" type="dao.Order" />
		<typeAlias alias="TRUCK" type="dao.Truck" />
	</typeAliases>
	<mappers>
		<mapper resource="orm/rental.xml" />
		<mapper resource="orm/lessee.xml" />
		<mapper resource="orm/truck.xml" />
		<mapper resource="orm/order.xml" />
		<mapper resource="orm/line.xml" />
	</mappers>
</configuration>